"filename", "language", "Shell Script", "Markdown", "Go", "Docker", "JSON", "Protocol Buffers", "YAML", "XML", "comment", "blank", "total"
"c:\Users\dkzhang\go\src\github.com\dkzhang\RmsGo\.github\workflows\go.yml", "YAML", 0, 0, 0, 0, 0, 0, 29, 0, 0, 9, 38
"c:\Users\dkzhang\go\src\github.com\dkzhang\RmsGo\.idea\RmsGo.iml", "XML", 0, 0, 0, 0, 0, 0, 0, 8, 0, 0, 8
"c:\Users\dkzhang\go\src\github.com\dkzhang\RmsGo\.idea\inspectionProfiles\Project_Default.xml", "XML", 0, 0, 0, 0, 0, 0, 0, 58, 0, 0, 58
"c:\Users\dkzhang\go\src\github.com\dkzhang\RmsGo\.idea\misc.xml", "XML", 0, 0, 0, 0, 0, 0, 0, 6, 0, 0, 6
"c:\Users\dkzhang\go\src\github.com\dkzhang\RmsGo\.idea\modules.xml", "XML", 0, 0, 0, 0, 0, 0, 0, 8, 0, 0, 8
"c:\Users\dkzhang\go\src\github.com\dkzhang\RmsGo\.idea\sqldialects.xml", "XML", 0, 0, 0, 0, 0, 0, 0, 7, 0, 0, 7
"c:\Users\dkzhang\go\src\github.com\dkzhang\RmsGo\.idea\vcs.xml", "XML", 0, 0, 0, 0, 0, 0, 0, 6, 0, 0, 6
"c:\Users\dkzhang\go\src\github.com\dkzhang\RmsGo\Configuration\Parameter\login.yaml", "YAML", 0, 0, 0, 0, 0, 0, 8, 0, 0, 0, 8
"c:\Users\dkzhang\go\src\github.com\dkzhang\RmsGo\Configuration\Parameter\logmap.yaml", "YAML", 0, 0, 0, 0, 0, 0, 5, 0, 0, 2, 7
"c:\Users\dkzhang\go\src\github.com\dkzhang\RmsGo\Configuration\Parameter\readme.md", "Markdown", 0, 6, 0, 0, 0, 0, 0, 0, 0, 3, 9
"c:\Users\dkzhang\go\src\github.com\dkzhang\RmsGo\Configuration\Security\database.yaml", "YAML", 0, 0, 0, 0, 0, 0, 9, 0, 4, 2, 15
"c:\Users\dkzhang\go\src\github.com\dkzhang\RmsGo\Configuration\Security\db41.yaml", "YAML", 0, 0, 0, 0, 0, 0, 9, 0, 4, 2, 15
"c:\Users\dkzhang\go\src\github.com\dkzhang\RmsGo\Configuration\Security\readme.md", "Markdown", 0, 13, 0, 0, 0, 0, 0, 0, 0, 3, 16
"c:\Users\dkzhang\go\src\github.com\dkzhang\RmsGo\Configuration\Security\sms.yaml", "YAML", 0, 0, 0, 0, 0, 0, 6, 0, 0, 1, 7
"c:\Users\dkzhang\go\src\github.com\dkzhang\RmsGo\CronJobs\main.go", "Go", 0, 0, 16, 0, 0, 0, 0, 0, 4, 7, 27
"c:\Users\dkzhang\go\src\github.com\dkzhang\RmsGo\DK_Experiments\jsonNodeGroup\jsonNodeGroup.go", "Go", 0, 0, 17, 0, 0, 0, 0, 0, 0, 4, 21
"c:\Users\dkzhang\go\src\github.com\dkzhang\RmsGo\DK_Experiments\jsonNodeGroup\jsonNodeGroup_suite_test.go", "Go", 0, 0, 10, 0, 0, 0, 0, 0, 0, 4, 14
"c:\Users\dkzhang\go\src\github.com\dkzhang\RmsGo\DK_Experiments\jsonNodeGroup\jsonNodeGroup_test.go", "Go", 0, 0, 53, 0, 0, 0, 0, 0, 0, 5, 58
"c:\Users\dkzhang\go\src\github.com\dkzhang\RmsGo\DK_Experiments\myGob\myGob.go", "Go", 0, 0, 22, 0, 0, 0, 0, 0, 8, 5, 35
"c:\Users\dkzhang\go\src\github.com\dkzhang\RmsGo\DK_Experiments\myGob\myGob_test.go", "Go", 0, 0, 11, 0, 0, 0, 0, 0, 0, 6, 17
"c:\Users\dkzhang\go\src\github.com\dkzhang\RmsGo\DK_Experiments\myJson\myJson.go", "Go", 0, 0, 47, 0, 0, 0, 0, 0, 0, 8, 55
"c:\Users\dkzhang\go\src\github.com\dkzhang\RmsGo\DK_Experiments\myPgBytea\myPgBytea.go", "Go", 0, 0, 65, 0, 0, 0, 0, 0, 0, 10, 75
"c:\Users\dkzhang\go\src\github.com\dkzhang\RmsGo\DK_Experiments\myPgBytea\myPgBytea_test.go", "Go", 0, 0, 27, 0, 0, 0, 0, 0, 0, 8, 35
"c:\Users\dkzhang\go\src\github.com\dkzhang\RmsGo\DK_Experiments\pointer\main.go", "Go", 0, 0, 73, 0, 0, 0, 0, 0, 0, 15, 88
"c:\Users\dkzhang\go\src\github.com\dkzhang\RmsGo\DK_Experiments\regularExpression\reg.go", "Go", 0, 0, 20, 0, 0, 0, 0, 0, 1, 7, 28
"c:\Users\dkzhang\go\src\github.com\dkzhang\RmsGo\DK_Experiments\testTree\main.go", "Go", 0, 0, 183, 0, 0, 0, 0, 0, 1, 29, 213
"c:\Users\dkzhang\go\src\github.com\dkzhang\RmsGo\DK_Experiments\timeParse\main.go", "Go", 0, 0, 15, 0, 0, 0, 0, 0, 0, 4, 19
"c:\Users\dkzhang\go\src\github.com\dkzhang\RmsGo\DK_Experiments\token\main.go", "Go", 0, 0, 279, 0, 0, 0, 0, 0, 19, 34, 332
"c:\Users\dkzhang\go\src\github.com\dkzhang\RmsGo\DK_Experiments\token\main_test.go", "Go", 0, 0, 5, 0, 0, 0, 0, 0, 0, 3, 8
"c:\Users\dkzhang\go\src\github.com\dkzhang\RmsGo\MyDoc\GinkgoLearningNotes.md", "Markdown", 0, 807, 0, 0, 0, 0, 0, 0, 2, 146, 955
"c:\Users\dkzhang\go\src\github.com\dkzhang\RmsGo\MyDoc\GinkgoOfficialDoc.md", "Markdown", 0, 156, 0, 0, 0, 0, 0, 0, 0, 70, 226
"c:\Users\dkzhang\go\src\github.com\dkzhang\RmsGo\README.md", "Markdown", 0, 1, 0, 0, 0, 0, 0, 0, 0, 1, 2
"c:\Users\dkzhang\go\src\github.com\dkzhang\RmsGo\ResourceSM\dataInfra\projectResDB\projectResDB.go", "Go", 0, 0, 17, 0, 0, 0, 0, 0, 0, 4, 21
"c:\Users\dkzhang\go\src\github.com\dkzhang\RmsGo\ResourceSM\dataInfra\projectResDB\projectResDB_suite_test.go", "Go", 0, 0, 24, 0, 0, 0, 0, 0, 0, 8, 32
"c:\Users\dkzhang\go\src\github.com\dkzhang\RmsGo\ResourceSM\dataInfra\projectResDB\projectResDB_test.go", "Go", 0, 0, 73, 0, 0, 0, 0, 0, 3, 11, 87
"c:\Users\dkzhang\go\src\github.com\dkzhang\RmsGo\ResourceSM\dataInfra\projectResDB\projectResPg.go", "Go", 0, 0, 145, 0, 0, 0, 0, 0, 2, 24, 171
"c:\Users\dkzhang\go\src\github.com\dkzhang\RmsGo\ResourceSM\dataInfra\projectResDM\memoryMap.go", "Go", 0, 0, 106, 0, 0, 0, 0, 0, 8, 26, 140
"c:\Users\dkzhang\go\src\github.com\dkzhang\RmsGo\ResourceSM\dataInfra\projectResDM\projectResDM.go", "Go", 0, 0, 11, 0, 0, 0, 0, 0, 0, 3, 14
"c:\Users\dkzhang\go\src\github.com\dkzhang\RmsGo\ResourceSM\dataInfra\projectResDM\projectResDM_suite_test.go", "Go", 0, 0, 33, 0, 0, 0, 0, 0, 0, 10, 43
"c:\Users\dkzhang\go\src\github.com\dkzhang\RmsGo\ResourceSM\dataInfra\projectResDM\projectResDM_test.go", "Go", 0, 0, 73, 0, 0, 0, 0, 0, 3, 11, 87
"c:\Users\dkzhang\go\src\github.com\dkzhang\RmsGo\ResourceSM\dataInfra\resAllocDB\resAllocDB.go", "Go", 0, 0, 16, 0, 0, 0, 0, 0, 0, 4, 20
"c:\Users\dkzhang\go\src\github.com\dkzhang\RmsGo\ResourceSM\dataInfra\resAllocDB\resAllocDB_suite_test.go", "Go", 0, 0, 24, 0, 0, 0, 0, 0, 0, 8, 32
"c:\Users\dkzhang\go\src\github.com\dkzhang\RmsGo\ResourceSM\dataInfra\resAllocDB\resAllocDB_test.go", "Go", 0, 0, 53, 0, 0, 0, 0, 0, 0, 8, 61
"c:\Users\dkzhang\go\src\github.com\dkzhang\RmsGo\ResourceSM\dataInfra\resAllocDB\resAllocPg.go", "Go", 0, 0, 126, 0, 0, 0, 0, 0, 3, 19, 148
"c:\Users\dkzhang\go\src\github.com\dkzhang\RmsGo\ResourceSM\dataInfra\resAllocDM\resAllocDM.go", "Go", 0, 0, 8, 0, 0, 0, 0, 0, 0, 3, 11
"c:\Users\dkzhang\go\src\github.com\dkzhang\RmsGo\ResourceSM\dataInfra\resAllocDM\resAllocDM_suite_test.go", "Go", 0, 0, 27, 0, 0, 0, 0, 0, 0, 8, 35
"c:\Users\dkzhang\go\src\github.com\dkzhang\RmsGo\ResourceSM\dataInfra\resAllocDM\resAllocDM_test.go", "Go", 0, 0, 53, 0, 0, 0, 0, 0, 0, 8, 61
"c:\Users\dkzhang\go\src\github.com\dkzhang\RmsGo\ResourceSM\dataInfra\resAllocDM\resAllocDirectDB.go", "Go", 0, 0, 36, 0, 0, 0, 0, 0, 1, 9, 46
"c:\Users\dkzhang\go\src\github.com\dkzhang\RmsGo\ResourceSM\dataInfra\resGTreeDM\resGTreeDM.go", "Go", 0, 0, 64, 0, 0, 0, 0, 0, 0, 18, 82
"c:\Users\dkzhang\go\src\github.com\dkzhang\RmsGo\ResourceSM\dataInfra\resNodeDB\redNodeDB.go", "Go", 0, 0, 17, 0, 0, 0, 0, 0, 0, 4, 21
"c:\Users\dkzhang\go\src\github.com\dkzhang\RmsGo\ResourceSM\dataInfra\resNodeDB\resNodeDB_suite_test.go", "Go", 0, 0, 24, 0, 0, 0, 0, 0, 0, 8, 32
"c:\Users\dkzhang\go\src\github.com\dkzhang\RmsGo\ResourceSM\dataInfra\resNodeDB\resNodeDB_test.go", "Go", 0, 0, 68, 0, 0, 0, 0, 0, 2, 11, 81
"c:\Users\dkzhang\go\src\github.com\dkzhang\RmsGo\ResourceSM\dataInfra\resNodeDB\resNodePg.go", "Go", 0, 0, 80, 0, 0, 0, 0, 0, 0, 13, 93
"c:\Users\dkzhang\go\src\github.com\dkzhang\RmsGo\ResourceSM\dataInfra\resNodeDM\memoryMap.go", "Go", 0, 0, 77, 0, 0, 0, 0, 0, 6, 19, 102
"c:\Users\dkzhang\go\src\github.com\dkzhang\RmsGo\ResourceSM\dataInfra\resNodeDM\resNodeDM.go", "Go", 0, 0, 10, 0, 0, 0, 0, 0, 0, 3, 13
"c:\Users\dkzhang\go\src\github.com\dkzhang\RmsGo\ResourceSM\dataInfra\resTreeDM\resTreeDM.go", "Go", 0, 0, 64, 0, 0, 0, 0, 0, 0, 18, 82
"c:\Users\dkzhang\go\src\github.com\dkzhang\RmsGo\ResourceSM\databaseInit\pgOpsSqlx\createTable.go", "Go", 0, 0, 36, 0, 0, 0, 0, 0, 0, 7, 43
"c:\Users\dkzhang\go\src\github.com\dkzhang\RmsGo\ResourceSM\databaseInit\pgOpsSqlx\ops.go", "Go", 0, 0, 32, 0, 0, 0, 0, 0, 1, 7, 40
"c:\Users\dkzhang\go\src\github.com\dkzhang\RmsGo\ResourceSM\databaseInit\pgOpsSqlx\seedTable.go", "Go", 0, 0, 7, 0, 0, 0, 0, 0, 0, 7, 14
"c:\Users\dkzhang\go\src\github.com\dkzhang\RmsGo\ResourceSM\model\metering\metering.go", "Go", 0, 0, 40, 0, 0, 0, 0, 0, 0, 9, 49
"c:\Users\dkzhang\go\src\github.com\dkzhang\RmsGo\ResourceSM\model\projectRes\projectRes.go", "Go", 0, 0, 43, 0, 0, 0, 0, 0, 5, 12, 60
"c:\Users\dkzhang\go\src\github.com\dkzhang\RmsGo\ResourceSM\model\resAlloc\resAlloc.go", "Go", 0, 0, 63, 0, 0, 0, 0, 0, 1, 14, 78
"c:\Users\dkzhang\go\src\github.com\dkzhang\RmsGo\ResourceSM\model\resGNodeTree\copy.go", "Go", 0, 0, 9, 0, 0, 0, 0, 0, 0, 3, 12
"c:\Users\dkzhang\go\src\github.com\dkzhang\RmsGo\ResourceSM\model\resGNodeTree\count.go", "Go", 0, 0, 8, 0, 0, 0, 0, 0, 0, 4, 12
"c:\Users\dkzhang\go\src\github.com\dkzhang\RmsGo\ResourceSM\model\resGNodeTree\filtrate.go", "Go", 0, 0, 102, 0, 0, 0, 0, 0, 15, 19, 136
"c:\Users\dkzhang\go\src\github.com\dkzhang\RmsGo\ResourceSM\model\resGNodeTree\json.go", "Go", 0, 0, 36, 0, 0, 0, 0, 0, 0, 10, 46
"c:\Users\dkzhang\go\src\github.com\dkzhang\RmsGo\ResourceSM\model\resGNodeTree\resGNodeTree.go", "Go", 0, 0, 8, 0, 0, 0, 0, 0, 0, 3, 11
"c:\Users\dkzhang\go\src\github.com\dkzhang\RmsGo\ResourceSM\model\resGNodeTree\resGNodeTree_suite_test.go", "Go", 0, 0, 10, 0, 0, 0, 0, 0, 0, 4, 14
"c:\Users\dkzhang\go\src\github.com\dkzhang\RmsGo\ResourceSM\model\resGNodeTree\syn.go", "Go", 0, 0, 44, 0, 0, 0, 0, 0, 6, 11, 61
"c:\Users\dkzhang\go\src\github.com\dkzhang\RmsGo\ResourceSM\model\resGNodeTree\tree256.json", "JSON", 0, 0, 0, 0, 1084, 0, 0, 0, 0, 1, 1085
"c:\Users\dkzhang\go\src\github.com\dkzhang\RmsGo\ResourceSM\model\resGNodeTree\tree_test.go", "Go", 0, 0, 112, 0, 0, 0, 0, 0, 27, 19, 158
"c:\Users\dkzhang\go\src\github.com\dkzhang\RmsGo\ResourceSM\model\resGNode\copy.go", "Go", 0, 0, 15, 0, 0, 0, 0, 0, 0, 3, 18
"c:\Users\dkzhang\go\src\github.com\dkzhang\RmsGo\ResourceSM\model\resGNode\count.go", "Go", 0, 0, 17, 0, 0, 0, 0, 0, 0, 6, 23
"c:\Users\dkzhang\go\src\github.com\dkzhang\RmsGo\ResourceSM\model\resGNode\json.go", "Go", 0, 0, 26, 0, 0, 0, 0, 0, 0, 5, 31
"c:\Users\dkzhang\go\src\github.com\dkzhang\RmsGo\ResourceSM\model\resGNode\resGNode.go", "Go", 0, 0, 7, 0, 0, 0, 0, 0, 1, 2, 10
"c:\Users\dkzhang\go\src\github.com\dkzhang\RmsGo\ResourceSM\model\resNodeGroup\groupCopy.go", "Go", 0, 0, 28, 0, 0, 0, 0, 0, 4, 7, 39
"c:\Users\dkzhang\go\src\github.com\dkzhang\RmsGo\ResourceSM\model\resNodeGroup\groupCount.go", "Go", 0, 0, 54, 0, 0, 0, 0, 0, 0, 10, 64
"c:\Users\dkzhang\go\src\github.com\dkzhang\RmsGo\ResourceSM\model\resNodeGroup\groupJson.go", "Go", 0, 0, 26, 0, 0, 0, 0, 0, 0, 5, 31
"c:\Users\dkzhang\go\src\github.com\dkzhang\RmsGo\ResourceSM\model\resNodeGroup\groupNode.go", "Go", 0, 0, 15, 0, 0, 0, 0, 0, 0, 4, 19
"c:\Users\dkzhang\go\src\github.com\dkzhang\RmsGo\ResourceSM\model\resNodeTree\resNodeTree_suite_test.go", "Go", 0, 0, 10, 0, 0, 0, 0, 0, 0, 4, 14
"c:\Users\dkzhang\go\src\github.com\dkzhang\RmsGo\ResourceSM\model\resNodeTree\resNodeTree_test.go", "Go", 0, 0, 98, 0, 0, 0, 0, 0, 0, 20, 118
"c:\Users\dkzhang\go\src\github.com\dkzhang\RmsGo\ResourceSM\model\resNodeTree\tree.go", "Go", 0, 0, 11, 0, 0, 0, 0, 0, 0, 4, 15
"c:\Users\dkzhang\go\src\github.com\dkzhang\RmsGo\ResourceSM\model\resNodeTree\treeCopy.go", "Go", 0, 0, 15, 0, 0, 0, 0, 0, 0, 5, 20
"c:\Users\dkzhang\go\src\github.com\dkzhang\RmsGo\ResourceSM\model\resNodeTree\treeCount.go", "Go", 0, 0, 12, 0, 0, 0, 0, 0, 0, 4, 16
"c:\Users\dkzhang\go\src\github.com\dkzhang\RmsGo\ResourceSM\model\resNodeTree\treeFiltrate.go", "Go", 0, 0, 52, 0, 0, 0, 0, 0, 4, 10, 66
"c:\Users\dkzhang\go\src\github.com\dkzhang\RmsGo\ResourceSM\model\resNodeTree\treeJson.go", "Go", 0, 0, 10, 0, 0, 0, 0, 0, 0, 4, 14
"c:\Users\dkzhang\go\src\github.com\dkzhang\RmsGo\ResourceSM\model\resNodeTree\treeLoad.go", "Go", 0, 0, 90, 0, 0, 0, 0, 0, 7, 15, 112
"c:\Users\dkzhang\go\src\github.com\dkzhang\RmsGo\ResourceSM\model\resNode\resNode.go", "Go", 0, 0, 35, 0, 0, 0, 0, 0, 1, 8, 44
"c:\Users\dkzhang\go\src\github.com\dkzhang\RmsGo\ResourceSM\resMetering\resourceMetering.go", "Go", 0, 0, 1, 0, 0, 0, 0, 0, 18, 2, 21
"c:\Users\dkzhang\go\src\github.com\dkzhang\RmsGo\ResourceSM\resScheduling\client\client.go", "Go", 0, 0, 174, 0, 0, 0, 0, 0, 24, 34, 232
"c:\Users\dkzhang\go\src\github.com\dkzhang\RmsGo\ResourceSM\resScheduling\grpc\scheduling.pb.go", "Go", 0, 0, 728, 0, 0, 0, 0, 0, 24, 96, 848
"c:\Users\dkzhang\go\src\github.com\dkzhang\RmsGo\ResourceSM\resScheduling\grpc\scheduling.proto", "Protocol Buffers", 0, 0, 0, 0, 0, 69, 0, 0, 0, 14, 83
"c:\Users\dkzhang\go\src\github.com\dkzhang\RmsGo\ResourceSM\resScheduling\resourceScheduling\resourceScheduling.go", "Go", 0, 0, 270, 0, 0, 0, 0, 0, 24, 45, 339
"c:\Users\dkzhang\go\src\github.com\dkzhang\RmsGo\ResourceSM\resScheduling\server\main.go", "Go", 0, 0, 74, 0, 0, 0, 0, 0, 2, 11, 87
"c:\Users\dkzhang\go\src\github.com\dkzhang\RmsGo\ResourceSM\resScheduling\server\server.go", "Go", 0, 0, 158, 0, 0, 0, 0, 0, 13, 13, 184
"c:\Users\dkzhang\go\src\github.com\dkzhang\RmsGo\RmsLog\db\readme.md", "Markdown", 0, 0, 0, 0, 0, 0, 0, 0, 0, 1, 1
"c:\Users\dkzhang\go\src\github.com\dkzhang\RmsGo\RmsLog\gin\readme.md", "Markdown", 0, 0, 0, 0, 0, 0, 0, 0, 0, 1, 1
"c:\Users\dkzhang\go\src\github.com\dkzhang\RmsGo\RmsLog\login\readme.md", "Markdown", 0, 0, 0, 0, 0, 0, 0, 0, 0, 1, 1
"c:\Users\dkzhang\go\src\github.com\dkzhang\RmsGo\RmsLog\normal\readme.md", "Markdown", 0, 0, 0, 0, 0, 0, 0, 0, 0, 1, 1
"c:\Users\dkzhang\go\src\github.com\dkzhang\RmsGo\databaseInit\pgOpsSqlx\createTable.go", "Go", 0, 0, 36, 0, 0, 0, 0, 0, 0, 8, 44
"c:\Users\dkzhang\go\src\github.com\dkzhang\RmsGo\databaseInit\pgOpsSqlx\ops.go", "Go", 0, 0, 44, 0, 0, 0, 0, 0, 1, 9, 54
"c:\Users\dkzhang\go\src\github.com\dkzhang\RmsGo\databaseInit\pgOpsSqlx\seedTable.go", "Go", 0, 0, 113, 0, 0, 0, 0, 0, 2, 15, 130
"c:\Users\dkzhang\go\src\github.com\dkzhang\RmsGo\datebaseCommon\postgreOpsGorm\myGorm.go", "Go", 0, 0, 20, 0, 0, 0, 0, 0, 0, 6, 26
"c:\Users\dkzhang\go\src\github.com\dkzhang\RmsGo\datebaseCommon\postgreOpsSqlx\mySqlx.go", "Go", 0, 0, 26, 0, 0, 0, 0, 0, 0, 6, 32
"c:\Users\dkzhang\go\src\github.com\dkzhang\RmsGo\datebaseCommon\postgreOpsSqlx\mySqlx_test.go", "Go", 0, 0, 4, 0, 0, 0, 0, 0, 9, 3, 16
"c:\Users\dkzhang\go\src\github.com\dkzhang\RmsGo\datebaseCommon\redisOps\redis.go", "Go", 0, 0, 81, 0, 0, 0, 0, 0, 20, 20, 121
"c:\Users\dkzhang\go\src\github.com\dkzhang\RmsGo\datebaseCommon\redisOps\redis_test.go", "Go", 0, 0, 32, 0, 0, 0, 0, 0, 0, 8, 40
"c:\Users\dkzhang\go\src\github.com\dkzhang\RmsGo\datebaseCommon\security\loadSecurity.go", "Go", 0, 0, 32, 0, 0, 0, 0, 0, 3, 7, 42
"c:\Users\dkzhang\go\src\github.com\dkzhang\RmsGo\datebaseCommon\security\loadSecurity_test.go", "Go", 0, 0, 29, 0, 0, 0, 0, 0, 0, 6, 35
"c:\Users\dkzhang\go\src\github.com\dkzhang\RmsGo\docker-compose.prod.yml", "YAML", 0, 0, 0, 0, 0, 0, 35, 0, 0, 3, 38
"c:\Users\dkzhang\go\src\github.com\dkzhang\RmsGo\docker-compose.yml", "YAML", 0, 0, 0, 0, 0, 0, 47, 0, 1, 5, 53
"c:\Users\dkzhang\go\src\github.com\dkzhang\RmsGo\go.mod", "XML", 0, 0, 0, 0, 0, 0, 0, 36, 0, 3, 39
"c:\Users\dkzhang\go\src\github.com\dkzhang\RmsGo\main.go", "Go", 0, 0, 23, 0, 0, 0, 0, 0, 0, 4, 27
"c:\Users\dkzhang\go\src\github.com\dkzhang\RmsGo\myUtils\arrayMerge\arrayMerge_suite_test.go", "Go", 0, 0, 10, 0, 0, 0, 0, 0, 0, 4, 14
"c:\Users\dkzhang\go\src\github.com\dkzhang\RmsGo\myUtils\arrayMerge\computeChange.go", "Go", 0, 0, 65, 0, 0, 0, 0, 0, 26, 10, 101
"c:\Users\dkzhang\go\src\github.com\dkzhang\RmsGo\myUtils\arrayMerge\computeChange_test.go", "Go", 0, 0, 69, 0, 0, 0, 0, 0, 0, 19, 88
"c:\Users\dkzhang\go\src\github.com\dkzhang\RmsGo\myUtils\arrayMerge\sort.go", "Go", 0, 0, 16, 0, 0, 0, 0, 0, 0, 6, 22
"c:\Users\dkzhang\go\src\github.com\dkzhang\RmsGo\myUtils\deepCopy\deepCopy.go", "Go", 0, 0, 12, 0, 0, 0, 0, 0, 0, 3, 15
"c:\Users\dkzhang\go\src\github.com\dkzhang\RmsGo\myUtils\encryptPassword\encryptPassword.go", "Go", 0, 0, 20, 0, 0, 0, 0, 0, 0, 4, 24
"c:\Users\dkzhang\go\src\github.com\dkzhang\RmsGo\myUtils\genPasswd\generatePassword.go", "Go", 0, 0, 46, 0, 0, 0, 0, 0, 4, 8, 58
"c:\Users\dkzhang\go\src\github.com\dkzhang\RmsGo\myUtils\genPasswd\generatePassword_test.go", "Go", 0, 0, 19, 0, 0, 0, 0, 0, 0, 6, 25
"c:\Users\dkzhang\go\src\github.com\dkzhang\RmsGo\myUtils\logMap\DkLog.go", "Go", 0, 0, 66, 0, 0, 0, 0, 0, 1, 11, 78
"c:\Users\dkzhang\go\src\github.com\dkzhang\RmsGo\myUtils\logMap\loadConfig.go", "Go", 0, 0, 17, 0, 0, 0, 0, 0, 0, 3, 20
"c:\Users\dkzhang\go\src\github.com\dkzhang\RmsGo\myUtils\logMap\loadConfig_test.go", "Go", 0, 0, 1, 0, 0, 0, 0, 0, 27, 2, 30
"c:\Users\dkzhang\go\src\github.com\dkzhang\RmsGo\myUtils\logMap\logMap.go", "Go", 0, 0, 86, 0, 0, 0, 0, 0, 55, 35, 176
"c:\Users\dkzhang\go\src\github.com\dkzhang\RmsGo\myUtils\logMap\logMap_test.go", "Go", 0, 0, 14, 0, 0, 0, 0, 0, 0, 4, 18
"c:\Users\dkzhang\go\src\github.com\dkzhang\RmsGo\myUtils\logMap\readme.md", "Markdown", 0, 3, 0, 0, 0, 0, 0, 0, 0, 2, 5
"c:\Users\dkzhang\go\src\github.com\dkzhang\RmsGo\myUtils\logMap\test.yaml", "YAML", 0, 0, 0, 0, 0, 0, 4, 0, 0, 0, 4
"c:\Users\dkzhang\go\src\github.com\dkzhang\RmsGo\myUtils\nodeEncode\base64_ByteArray.go", "Go", 0, 0, 9, 0, 0, 0, 0, 0, 0, 4, 13
"c:\Users\dkzhang\go\src\github.com\dkzhang\RmsGo\myUtils\nodeEncode\base64_IntArray.go", "Go", 0, 0, 48, 0, 0, 0, 0, 0, 0, 6, 54
"c:\Users\dkzhang\go\src\github.com\dkzhang\RmsGo\myUtils\nodeEncode\base64_IntArray_test.go", "Go", 0, 0, 17, 0, 0, 0, 0, 0, 5, 4, 26
"c:\Users\dkzhang\go\src\github.com\dkzhang\RmsGo\myUtils\shortMessageService\loadSecurity.go", "Go", 0, 0, 25, 0, 0, 0, 0, 0, 0, 4, 29
"c:\Users\dkzhang\go\src\github.com\dkzhang\RmsGo\myUtils\shortMessageService\messageContent.go", "Go", 0, 0, 6, 0, 0, 0, 0, 0, 0, 2, 8
"c:\Users\dkzhang\go\src\github.com\dkzhang\RmsGo\myUtils\shortMessageService\sendSMS.go", "Go", 0, 0, 59, 0, 0, 0, 0, 0, 40, 25, 124
"c:\Users\dkzhang\go\src\github.com\dkzhang\RmsGo\myUtils\shortMessageService\sendSMS_test.go", "Go", 0, 0, 16, 0, 0, 0, 0, 0, 0, 5, 21
"c:\Users\dkzhang\go\src\github.com\dkzhang\RmsGo\myUtils\timeParse\timeParse.go", "Go", 0, 0, 28, 0, 0, 0, 0, 0, 1, 9, 38
"c:\Users\dkzhang\go\src\github.com\dkzhang\RmsGo\myUtils\timeParse\timeParse_suite_test.go", "Go", 0, 0, 10, 0, 0, 0, 0, 0, 0, 4, 14
"c:\Users\dkzhang\go\src\github.com\dkzhang\RmsGo\myUtils\timeParse\timeParse_test.go", "Go", 0, 0, 32, 0, 0, 0, 0, 0, 0, 11, 43
"c:\Users\dkzhang\go\src\github.com\dkzhang\RmsGo\myUtils\webapiError\webapiError.go", "Go", 0, 0, 35, 0, 0, 0, 0, 0, 0, 8, 43
"c:\Users\dkzhang\go\src\github.com\dkzhang\RmsGo\webapi\Dockerfile", "Docker", 0, 0, 0, 12, 0, 0, 0, 0, 0, 7, 19
"c:\Users\dkzhang\go\src\github.com\dkzhang\RmsGo\webapi\SmsNotifier\smsNotifier.go", "Go", 0, 0, 84, 0, 0, 0, 0, 0, 0, 18, 102
"c:\Users\dkzhang\go\src\github.com\dkzhang\RmsGo\webapi\authority\authApplication\authApplication.go", "Go", 0, 0, 100, 0, 0, 0, 0, 0, 3, 13, 116
"c:\Users\dkzhang\go\src\github.com\dkzhang\RmsGo\webapi\authority\authGeneralFormDraftCRUD\generalFormDraftCRUD.go", "Go", 0, 0, 63, 0, 0, 0, 0, 0, 3, 10, 76
"c:\Users\dkzhang\go\src\github.com\dkzhang\RmsGo\webapi\authority\authProject\authProject.go", "Go", 0, 0, 103, 0, 0, 0, 0, 0, 3, 13, 119
"c:\Users\dkzhang\go\src\github.com\dkzhang\RmsGo\webapi\authority\authUserCRUD\userCRUD.go", "Go", 0, 0, 100, 0, 0, 0, 0, 0, 3, 12, 115
"c:\Users\dkzhang\go\src\github.com\dkzhang\RmsGo\webapi\dataInfra\applicationDB\applicationDB.go", "Go", 0, 0, 26, 0, 0, 0, 0, 0, 0, 11, 37
"c:\Users\dkzhang\go\src\github.com\dkzhang\RmsGo\webapi\dataInfra\applicationDB\applicationDB_suite_test.go", "Go", 0, 0, 24, 0, 0, 0, 0, 0, 0, 8, 32
"c:\Users\dkzhang\go\src\github.com\dkzhang\RmsGo\webapi\dataInfra\applicationDB\applicationDB_test.go", "Go", 0, 0, 254, 0, 0, 0, 0, 0, 6, 31, 291
"c:\Users\dkzhang\go\src\github.com\dkzhang\RmsGo\webapi\dataInfra\applicationDB\applicationPg.go", "Go", 0, 0, 95, 0, 0, 0, 0, 0, 1, 15, 111
"c:\Users\dkzhang\go\src\github.com\dkzhang\RmsGo\webapi\dataInfra\applicationDM\applicationDM.go", "Go", 0, 0, 21, 0, 0, 0, 0, 0, 0, 9, 30
"c:\Users\dkzhang\go\src\github.com\dkzhang\RmsGo\webapi\dataInfra\applicationDM\applicationDM_suite_test.go", "Go", 0, 0, 33, 0, 0, 0, 0, 0, 0, 9, 42
"c:\Users\dkzhang\go\src\github.com\dkzhang\RmsGo\webapi\dataInfra\applicationDM\forHistory.go", "Go", 0, 0, 64, 0, 0, 0, 0, 0, 0, 13, 77
"c:\Users\dkzhang\go\src\github.com\dkzhang\RmsGo\webapi\dataInfra\applicationDM\memoryMap.go", "Go", 0, 0, 116, 0, 0, 0, 0, 0, 2, 26, 144
"c:\Users\dkzhang\go\src\github.com\dkzhang\RmsGo\webapi\dataInfra\applicationDM\memoryMap_test.go", "Go", 0, 0, 256, 0, 0, 0, 0, 0, 6, 31, 293
"c:\Users\dkzhang\go\src\github.com\dkzhang\RmsGo\webapi\dataInfra\generalFormDraftDB\generalFormDraftDB.go", "Go", 0, 0, 11, 0, 0, 0, 0, 0, 0, 4, 15
"c:\Users\dkzhang\go\src\github.com\dkzhang\RmsGo\webapi\dataInfra\generalFormDraftDB\generalFormDraftDB_test.go", "Go", 0, 0, 71, 0, 0, 0, 0, 0, 0, 12, 83
"c:\Users\dkzhang\go\src\github.com\dkzhang\RmsGo\webapi\dataInfra\generalFormDraftDB\generalFormDraftPg.go", "Go", 0, 0, 54, 0, 0, 0, 0, 0, 0, 10, 64
"c:\Users\dkzhang\go\src\github.com\dkzhang\RmsGo\webapi\dataInfra\projectDB\projectDB.go", "Go", 0, 0, 26, 0, 0, 0, 0, 0, 2, 8, 36
"c:\Users\dkzhang\go\src\github.com\dkzhang\RmsGo\webapi\dataInfra\projectDB\projectDB_suite_test.go", "Go", 0, 0, 24, 0, 0, 0, 0, 0, 0, 8, 32
"c:\Users\dkzhang\go\src\github.com\dkzhang\RmsGo\webapi\dataInfra\projectDB\projectDB_test.go", "Go", 0, 0, 184, 0, 0, 0, 0, 0, 13, 51, 248
"c:\Users\dkzhang\go\src\github.com\dkzhang\RmsGo\webapi\dataInfra\projectDB\projectPg.go", "Go", 0, 0, 135, 0, 0, 0, 0, 0, 2, 22, 159
"c:\Users\dkzhang\go\src\github.com\dkzhang\RmsGo\webapi\dataInfra\projectDM\forHistory.go", "Go", 0, 0, 37, 0, 0, 0, 0, 0, 0, 10, 47
"c:\Users\dkzhang\go\src\github.com\dkzhang\RmsGo\webapi\dataInfra\projectDM\memoryMap.go", "Go", 0, 0, 160, 0, 0, 0, 0, 0, 12, 47, 219
"c:\Users\dkzhang\go\src\github.com\dkzhang\RmsGo\webapi\dataInfra\projectDM\memoryMap_test.go", "Go", 0, 0, 184, 0, 0, 0, 0, 0, 13, 52, 249
"c:\Users\dkzhang\go\src\github.com\dkzhang\RmsGo\webapi\dataInfra\projectDM\projectDM.go", "Go", 0, 0, 19, 0, 0, 0, 0, 0, 1, 6, 26
"c:\Users\dkzhang\go\src\github.com\dkzhang\RmsGo\webapi\dataInfra\projectDM\projectDM_suite_test.go", "Go", 0, 0, 31, 0, 0, 0, 0, 0, 1, 9, 41
"c:\Users\dkzhang\go\src\github.com\dkzhang\RmsGo\webapi\dataInfra\userDB\postgre.go", "Go", 0, 0, 83, 0, 0, 0, 0, 0, 3, 13, 99
"c:\Users\dkzhang\go\src\github.com\dkzhang\RmsGo\webapi\dataInfra\userDB\userDB.go", "Go", 0, 0, 14, 0, 0, 0, 0, 0, 0, 3, 17
"c:\Users\dkzhang\go\src\github.com\dkzhang\RmsGo\webapi\dataInfra\userDB\userDB_suite_test.go", "Go", 0, 0, 23, 0, 0, 0, 0, 0, 0, 8, 31
"c:\Users\dkzhang\go\src\github.com\dkzhang\RmsGo\webapi\dataInfra\userDB\userDB_test.go", "Go", 0, 0, 76, 0, 0, 0, 0, 0, 9, 11, 96
"c:\Users\dkzhang\go\src\github.com\dkzhang\RmsGo\webapi\dataInfra\userDB\userDB_test.json", "JSON", 0, 0, 0, 0, 48, 0, 0, 0, 0, 0, 48
"c:\Users\dkzhang\go\src\github.com\dkzhang\RmsGo\webapi\dataInfra\userDM\memoryMap.go", "Go", 0, 0, 199, 0, 0, 0, 0, 0, 21, 42, 262
"c:\Users\dkzhang\go\src\github.com\dkzhang\RmsGo\webapi\dataInfra\userDM\userDM.go", "Go", 0, 0, 14, 0, 0, 0, 0, 0, 0, 8, 22
"c:\Users\dkzhang\go\src\github.com\dkzhang\RmsGo\webapi\dataInfra\userTempDM\config\loadConfig.go", "Go", 0, 0, 52, 0, 0, 0, 0, 0, 1, 9, 62
"c:\Users\dkzhang\go\src\github.com\dkzhang\RmsGo\webapi\dataInfra\userTempDM\config\loadConfig_test.go", "Go", 0, 0, 11, 0, 0, 0, 0, 0, 0, 4, 15
"c:\Users\dkzhang\go\src\github.com\dkzhang\RmsGo\webapi\dataInfra\userTempDM\redisAndJwt.go", "Go", 0, 0, 123, 0, 0, 0, 0, 0, 5, 27, 155
"c:\Users\dkzhang\go\src\github.com\dkzhang\RmsGo\webapi\dataInfra\userTempDM\security\loadSecurity.go", "Go", 0, 0, 16, 0, 0, 0, 0, 0, 0, 5, 21
"c:\Users\dkzhang\go\src\github.com\dkzhang\RmsGo\webapi\dataInfra\userTempDM\userTempDM.go", "Go", 0, 0, 12, 0, 0, 0, 0, 0, 0, 5, 17
"c:\Users\dkzhang\go\src\github.com\dkzhang\RmsGo\webapi\entrypoint.prod.sh", "Shell Script", 9, 0, 0, 0, 0, 0, 0, 0, 1, 4, 14
"c:\Users\dkzhang\go\src\github.com\dkzhang\RmsGo\webapi\entrypoint.sh", "Shell Script", 10, 0, 0, 0, 0, 0, 0, 0, 1, 6, 17
"c:\Users\dkzhang\go\src\github.com\dkzhang\RmsGo\webapi\handle\extractLoginUserInfo\extract.go", "Go", 0, 0, 43, 0, 0, 0, 0, 0, 26, 9, 78
"c:\Users\dkzhang\go\src\github.com\dkzhang\RmsGo\webapi\handle\handleApplication\handleApp.go", "Go", 0, 0, 374, 0, 0, 0, 0, 0, 2, 58, 434
"c:\Users\dkzhang\go\src\github.com\dkzhang\RmsGo\webapi\handle\handleGeneralFormDraft\generalFormDraftCRUD.go", "Go", 0, 0, 240, 0, 0, 0, 0, 0, 15, 37, 292
"c:\Users\dkzhang\go\src\github.com\dkzhang\RmsGo\webapi\handle\handleLogin\applyLogin.go", "Go", 0, 0, 95, 0, 0, 0, 0, 0, 12, 18, 125
"c:\Users\dkzhang\go\src\github.com\dkzhang\RmsGo\webapi\handle\handleLogin\login.go", "Go", 0, 0, 76, 0, 0, 0, 0, 0, 11, 18, 105
"c:\Users\dkzhang\go\src\github.com\dkzhang\RmsGo\webapi\handle\handleLogin\logout.go", "Go", 0, 0, 12, 0, 0, 0, 0, 0, 0, 4, 16
"c:\Users\dkzhang\go\src\github.com\dkzhang\RmsGo\webapi\handle\handleProject\queryProject.go", "Go", 0, 0, 144, 0, 0, 0, 0, 0, 0, 20, 164
"c:\Users\dkzhang\go\src\github.com\dkzhang\RmsGo\webapi\handle\handleUser\allUsers.go", "Go", 0, 0, 56, 0, 0, 0, 0, 0, 0, 8, 64
"c:\Users\dkzhang\go\src\github.com\dkzhang\RmsGo\webapi\handle\handleUser\retrieveUserLogin.go", "Go", 0, 0, 23, 0, 0, 0, 0, 0, 0, 4, 27
"c:\Users\dkzhang\go\src\github.com\dkzhang\RmsGo\webapi\handle\handleUser\userCRUD.go", "Go", 0, 0, 247, 0, 0, 0, 0, 0, 14, 37, 298
"c:\Users\dkzhang\go\src\github.com\dkzhang\RmsGo\webapi\infrastructure\infrastructure.go", "Go", 0, 0, 121, 0, 0, 0, 0, 0, 20, 30, 171
"c:\Users\dkzhang\go\src\github.com\dkzhang\RmsGo\webapi\middleware\logGin.go", "Go", 0, 0, 26, 0, 0, 0, 0, 0, 12, 13, 51
"c:\Users\dkzhang\go\src\github.com\dkzhang\RmsGo\webapi\middleware\tokenAuth.go", "Go", 0, 0, 25, 0, 0, 0, 0, 0, 2, 3, 30
"c:\Users\dkzhang\go\src\github.com\dkzhang\RmsGo\webapi\model\application\appConst.go", "Go", 0, 0, 21, 0, 0, 0, 0, 0, 0, 7, 28
"c:\Users\dkzhang\go\src\github.com\dkzhang\RmsGo\webapi\model\application\application.go", "Go", 0, 0, 73, 0, 0, 0, 0, 0, 3, 11, 87
"c:\Users\dkzhang\go\src\github.com\dkzhang\RmsGo\webapi\model\generalFormDraft\generalFormDraft.go", "Go", 0, 0, 17, 0, 0, 0, 0, 0, 1, 4, 22
"c:\Users\dkzhang\go\src\github.com\dkzhang\RmsGo\webapi\model\generalForm\generalForm.go", "Go", 0, 0, 9, 0, 0, 0, 0, 0, 0, 2, 11
"c:\Users\dkzhang\go\src\github.com\dkzhang\RmsGo\webapi\model\gfApplication\gfApplication.go", "Go", 0, 0, 71, 0, 0, 0, 0, 0, 6, 18, 95
"c:\Users\dkzhang\go\src\github.com\dkzhang\RmsGo\webapi\model\project\info.go", "Go", 0, 0, 67, 0, 0, 0, 0, 0, 6, 18, 91
"c:\Users\dkzhang\go\src\github.com\dkzhang\RmsGo\webapi\model\project\updateInfo.go", "Go", 0, 0, 35, 0, 0, 0, 0, 0, 0, 7, 42
"c:\Users\dkzhang\go\src\github.com\dkzhang\RmsGo\webapi\model\resource\resource.go", "Go", 0, 0, 6, 0, 0, 0, 0, 0, 0, 2, 8
"c:\Users\dkzhang\go\src\github.com\dkzhang\RmsGo\webapi\model\user\checkUserName.go", "Go", 0, 0, 12, 0, 0, 0, 0, 0, 1, 6, 19
"c:\Users\dkzhang\go\src\github.com\dkzhang\RmsGo\webapi\model\user\checkUserName_test.go", "Go", 0, 0, 27, 0, 0, 0, 0, 0, 0, 4, 31
"c:\Users\dkzhang\go\src\github.com\dkzhang\RmsGo\webapi\model\user\user.go", "Go", 0, 0, 50, 0, 0, 0, 0, 0, 10, 16, 76
"c:\Users\dkzhang\go\src\github.com\dkzhang\RmsGo\webapi\model\user\user_test.go", "Go", 0, 0, 1, 0, 0, 0, 0, 0, 52, 2, 55
"c:\Users\dkzhang\go\src\github.com\dkzhang\RmsGo\webapi\server.go", "Go", 0, 0, 70, 0, 0, 0, 0, 0, 2, 16, 88
"c:\Users\dkzhang\go\src\github.com\dkzhang\RmsGo\webapi\workflow\ApplyChangeResource\ApplyChangeResource_suite_test.go", "Go", 0, 0, 38, 0, 0, 0, 0, 0, 3, 14, 55
"c:\Users\dkzhang\go\src\github.com\dkzhang\RmsGo\webapi\workflow\ApplyChangeResource\workflow.go", "Go", 0, 0, 339, 0, 0, 0, 0, 0, 44, 46, 429
"c:\Users\dkzhang\go\src\github.com\dkzhang\RmsGo\webapi\workflow\ApplyChangeResource\workflow_test.go", "Go", 0, 0, 120, 0, 0, 0, 0, 0, 60, 17, 197
"c:\Users\dkzhang\go\src\github.com\dkzhang\RmsGo\webapi\workflow\ApplyProjectAndResource\ApplyProjectAndResource_suite_test.go", "Go", 0, 0, 39, 0, 0, 0, 0, 0, 2, 14, 55
"c:\Users\dkzhang\go\src\github.com\dkzhang\RmsGo\webapi\workflow\ApplyProjectAndResource\workflow.go", "Go", 0, 0, 357, 0, 0, 0, 0, 0, 35, 50, 442
"c:\Users\dkzhang\go\src\github.com\dkzhang\RmsGo\webapi\workflow\ApplyProjectAndResource\workflow_test.go", "Go", 0, 0, 164, 0, 0, 0, 0, 0, 4, 24, 192
"c:\Users\dkzhang\go\src\github.com\dkzhang\RmsGo\webapi\workflow\generalWorkflow.go", "Go", 0, 0, 84, 0, 0, 0, 0, 0, 6, 17, 107
"Total", "-", 19, 986, 11694, 12, 1132, 69, 152, 129, 904, 2577, 17674